{"minzoom":0,"maxzoom":8,"center":[28.828125,-26.429508,8.0],"bounds":[16.455084,-34.834282,32.898567,-22.124363]}