{"minzoom":0,"maxzoom":9,"center":[27.773438,-26.11556,9.0],"bounds":[16.455084,-34.834282,32.898567,-22.124363]}